date,market_return,cumulative_market
2018-01-02,-0.005059,0.994941
2018-01-03,-0.003246,0.991711421514
2018-01-04,-0.005855,0.9859049511410355
2018-01-05,0.01505,1.000742820655708
2018-01-08,0.006208,1.0069554320863388
2018-01-09,0.003289,1.010267308502471
2018-01-10,-0.006317,1.0038854499146608
2018-01-11,-0.013829,0.9900027180277909
2018-01-12,-0.026538,0.9637300258967695
2018-01-15,-0.001418,0.9623634567200479
2018-01-16,-0.004078,0.9584389385435435
2018-01-17,0.001808,0.9601717961444302
2018-01-18,-0.000996,0.9592154650354703
2018-01-19,-0.012108,0.9476012841848208
2018-01-22,-0.003886,0.9439189055944787
2018-01-23,-0.006699,0.9375955928459012
2018-01-24,0.015565,0.9521892682485478
2018-01-25,-0.017806,0.9352345861381142
2018-01-26,-0.009772,0.9260954737623726
2018-01-29,-0.0016,0.9246137210043527
2018-01-30,-0.000583,0.9240746712050072
2018-01-31,-0.00799,0.9166913145820791
2018-02-01,0.003913,0.9202783276960388
2018-02-02,-0.000344,0.9199617519513114
2018-02-05,0.004823,0.9243987274809725
2018-02-06,0.008243,0.9320185461915982
2018-02-07,0.016111,0.947034296989291
2018-02-08,0.002128,0.9490495859732841
2018-02-09,-0.008526,0.9409579892032759
2018-02-12,-0.00843,0.9330257133542922
2018-02-13,0.008384,0.9408482009350545
2018-02-14,-0.005256,0.9359031027909398
2018-02-15,0.004029,0.9396738563920846
2018-02-16,0.014627,0.9534184658895315
2018-02-19,0.003998,0.9572302329161578
2018-02-20,-0.010623,0.9470615761518895
2018-02-21,0.019752,0.9657679364040416
2018-02-22,0.007847,0.9733463174010041
2018-02-23,0.002493,0.9757728697702849
2018-02-26,-0.016586,0.959588700952275
2018-02-27,-0.001367,0.9582769431980732
2018-02-28,-0.007575,0.9510179953533479
2018-03-01,-0.001528,0.949564839856448
2018-03-02,-0.031233,0.9199070812132116
2018-03-05,0.00065,0.9205050208160003
2018-03-06,0.002083,0.9224224327743601
2018-03-07,0.001483,0.9237903852421644
2018-03-08,0.017176,0.9396574088990839
2018-03-09,-0.004676,0.9352635708550717
2018-03-12,-0.015922,0.9203723042799172
2018-03-13,0.025668,0.9439964205861742
2018-03-14,-0.005978,0.93835320998391
2018-03-15,-0.003019,0.9355203216429686
2018-03-16,0.001436,0.9368637288248479
2018-03-19,-0.020116,0.9180177780558073
2018-03-20,0.005348,0.9229273371328497
2018-03-21,0.00934,0.9315474784616704
2018-03-22,-0.015498,0.9171103556404714
2018-03-23,0.000784,0.9178293701592934
2018-03-26,-0.012758,0.9061197030548012
2018-03-27,-0.00604,0.9006467400483501
2018-03-28,0.013314,0.9126379507453539
2018-03-29,0.004354,0.9166115763828991
2018-03-30,-0.001939,0.9148342665362926
2018-04-02,-0.018658,0.8977652887912585
2018-04-03,0.000396,0.8981208038456199
2018-04-04,0.009443,0.9066017585963342
2018-04-05,-0.021612,0.8870082813895502
2018-04-06,-0.01387,0.8747054765266772
2018-04-09,0.001524,0.8760385276729039
2018-04-10,0.010206,0.8849793768863335
2018-04-11,-0.003806,0.8816111453779042
2018-04-12,-0.006984,0.875453973138585
2018-04-13,0.010624,0.8847547961492093
2018-04-16,0.00014,0.8848786618206702
2018-04-17,-0.030352,0.8580208246770892
2018-04-18,2.2e-05,0.8580397011352321
2018-04-19,-0.003047,0.855425254165873
2018-04-20,-0.008279,0.8483431884866337
2018-04-23,0.013768,0.8600231775057177
2018-04-24,0.000635,0.8605692922234337
2018-04-25,0.001946,0.8622439600661005
2018-04-26,0.010122,0.8709715934298895
2018-04-27,0.009273,0.8790481130157649
2018-04-30,-0.00401,0.8755231300825718
2018-05-01,-0.0085,0.8680811834768699
2018-05-02,-0.018072,0.8523932203290759
2018-05-03,0.000874,0.8531382120036436
2018-05-04,-0.002486,0.8510173104086025
2018-05-07,0.006612,0.8566442368650242
2018-05-08,-0.011821,0.8465178453410428
2018-05-09,0.003054,0.8491031108407142
2018-05-10,0.010411,0.8579431233276769
2018-05-11,0.002557,0.8601368838940257
2018-05-14,0.000322,0.8604138479706395
2018-05-15,0.011787,0.8705555459966694
2018-05-16,-0.002539,0.8683452054653839
2018-05-17,0.00158,0.8697171908900191
2018-05-18,0.008463,0.8770776074765214
2018-05-21,0.003294,0.879966701115549
2018-05-22,0.008961,0.8878520827242454
2018-05-23,-0.007679,0.8810342665810059
2018-05-24,-0.01153,0.8708759414873268
2018-05-25,-0.011304,0.8610315598447541
2018-05-28,-0.003855,0.8577122831815526
2018-05-29,-0.007591,0.8512013892399214
2018-05-30,0.006991,0.8571521381520977
2018-05-31,-0.015424,0.8439314235732397
2018-06-01,4.1e-05,0.8439660247616062
2018-06-04,-0.005087,0.839672769593644
2018-06-05,-0.005902,0.8347170209075023
2018-06-06,0.004907,0.8388129773290954
2018-06-07,0.002448,0.840866391497597
2018-06-08,0.000431,0.8412288049123325
2018-06-11,-0.0078,0.8346672202340163
2018-06-12,0.003119,0.8372705472939262
2018-06-13,0.004819,0.8413053540613356
2018-06-14,-0.002663,0.8390649579034702
2018-06-15,0.00713,0.8450474910533221
2018-06-18,-0.002966,0.842541080194858
2018-06-19,-0.001196,0.8415334010629449
2018-06-20,0.009364,0.8494135198304983
2018-06-21,0.011091,0.8588343651789383
2018-06-22,0.01217,0.869286379403166
2018-06-25,-0.001409,0.8680615548945869
2018-06-26,0.002249,0.8700138253315448
2018-06-27,0.00841,0.8773306416025831
2018-06-28,0.004119,0.8809443665153441
2018-06-29,-0.001431,0.8796837351268607
2018-07-02,0.002385,0.8817817808351384
2018-07-03,-0.00448,0.8778313984569969
2018-07-04,-0.004489,0.8738908133093234
2018-07-05,0.000844,0.8746283771557565
2018-07-06,-0.006868,0.8686214294614507
2018-07-09,-0.001558,0.8672681172743498
2018-07-10,0.00052,0.8677190966953325
2018-07-11,-0.001246,0.8666379187008502
2018-07-12,0.0181,0.8823240650293356
2018-07-13,0.00714,0.8886238588536449
2018-07-16,0.012929,0.9001128767247637
2018-07-17,-0.005116,0.8955078992474398
2018-07-18,-0.01063,0.8859886502784394
2018-07-19,-0.001609,0.8845630945401415
2018-07-20,-0.004551,0.8805374478968894
2018-07-23,0.004728,0.8847006289505459
2018-07-24,-0.003407,0.8816864539077114
2018-07-25,-0.002197,0.8797493887684762
2018-07-26,-0.015907,0.865755215241336
2018-07-27,0.003205,0.8685299607061844
2018-07-30,-0.004703,0.8644452643009832
2018-07-31,-0.011459,0.8545395860173582
2018-08-01,0.000533,0.8549950556167054
2018-08-02,0.000149,0.8551224498799923
2018-08-03,-0.018506,0.8392975538225131
2018-08-06,0.018553,0.8548690413385822
2018-08-07,-0.002615,0.8526335587954817
2018-08-08,-0.005397,0.8480318954786625
2018-08-09,-0.012343,0.8375646377927695
2018-08-10,0.002969,0.8400513672023762
2018-08-13,-0.005384,0.8355285306413586
2018-08-14,-0.000672,0.8349670554687676
2018-08-15,-0.006635,0.8294270490557324
2018-08-16,-0.005429,0.8249240896064088
2018-08-17,0.002507,0.8269921742990521
2018-08-20,0.010301,0.8355110206865066
2018-08-21,0.001877,0.8370792748723351
2018-08-22,-0.002548,0.8349463968799604
2018-08-23,-0.010463,0.8262103527294054
2018-08-24,-0.008933,0.8188298156484736
2018-08-27,-0.005785,0.8140928851649472
2018-08-28,-0.011498,0.8047324451713206
2018-08-29,0.014716,0.8165748878344617
2018-08-30,0.001229,0.8175784583716103
2018-08-31,-0.000502,0.8171680339855077
2018-09-03,-0.000448,0.8168019427062823
2018-09-04,-0.000974,0.8160063776140863
2018-09-05,0.001789,0.817466213023638
2018-09-06,-0.006958,0.8117782831134195
2018-09-07,0.003862,0.8149133708428036
2018-09-10,0.007487,0.8210146272503036
2018-09-11,-0.006775,0.8154522531506828
2018-09-12,0.008109,0.8220647554714816
2018-09-13,0.003788,0.8251787367652075
2018-09-14,-0.001691,0.8237833595213375
2018-09-17,-0.018189,0.8087995639950039
2018-09-18,0.013422,0.8196552717429448
2018-09-19,-0.014578,0.8077063371914762
2018-09-20,0.008401,0.814491878130222
2018-09-21,-0.001678,0.8131251607587194
2018-09-24,-0.016233,0.7999257000241231
2018-09-25,-0.011831,0.7904617790671377
2018-09-26,-8.6e-05,0.7903937993541379
2018-09-27,0.010591,0.7987648600830975
2018-09-28,0.035358,0.8270075880059157
2018-10-01,-0.011577,0.8174333211595712
2018-10-02,-0.00059,0.8169510355000871
2018-10-03,0.003046,0.8194394683542204
2018-10-04,-0.014991,0.8071552512841224
2018-10-05,0.001979,0.8087526115264136
2018-10-08,-0.000878,0.8080425267334934
2018-10-09,0.006868,0.8135921628070991
2018-10-10,0.013697,0.824735934661068
2018-10-11,0.012604,0.8351309063815361
2018-10-12,-0.002175,0.8333144966601562
2018-10-15,0.024071,0.8533732099092628
2018-10-16,-0.004494,0.8495381507039306
2018-10-17,0.007565,0.8559649068140058
2018-10-18,-0.008707,0.8485120203703763
2018-10-19,-0.01491,0.835860706146654
2018-10-22,-0.004627,0.8319931786593133
2018-10-23,0.003391,0.834814467528147
2018-10-24,-0.000655,0.8342676640519161
2018-10-25,0.003823,0.8374570693315865
2018-10-26,-0.004781,0.8334531870831121
2018-10-29,0.016554,0.8472501711420859
2018-10-30,0.010748,0.856356415981521
2018-10-31,-0.015425,0.843147118265006
2018-11-01,0.018072,0.8583844729862913
2018-11-02,0.009663,0.8666790421487578
2018-11-05,-0.001325,0.8655306924179107
2018-11-06,-0.01127,0.8557761615143609
2018-11-07,0.023725,0.876079450946289
2018-11-08,-0.004771,0.8718996758858243
2018-11-09,-0.023593,0.85132894683265
2018-11-12,0.016377,0.8652711609949284
2018-11-13,0.002334,0.8672907038846907
2018-11-14,0.002007,0.8690313563273873
2018-11-15,0.014741,0.8818417475510092
2018-11-16,-0.012499,0.8708196075483691
2018-11-19,0.001483,0.8721110330263632
2018-11-20,-0.012689,0.8610448161282916
2018-11-21,0.025192,0.8827362571361956
2018-11-22,-0.025372,0.8603394728201361
2018-11-23,0.003186,0.863080514380541
2018-11-26,-0.006209,0.8577216474667522
2018-11-27,-0.040448,0.823028522270017
2018-11-28,0.000576,0.8235025866988445
2018-11-29,-0.002641,0.8213277163673728
2018-11-30,0.001943,0.8229235561202746
2018-12-03,0.013314,0.83387996034646
2018-12-04,-0.006308,0.8286198455565945
2018-12-05,-0.006926,0.8228808245062695
2018-12-06,0.00143,0.8240575440853135
2018-12-07,-0.00171,0.8226484056849276
2018-12-10,-0.000102,0.8225644955475477
2018-12-11,0.018224,0.8375549109144063
2018-12-12,-0.001911,0.8359543434796488
2018-12-13,-0.001254,0.8349060567329254
2018-12-14,0.008143,0.8417046967529016
2018-12-17,0.025095,0.8628272761179158
2018-12-18,0.00633,0.8682889727757421
2018-12-19,-0.000224,0.8680944760458403
2018-12-20,0.00282,0.8705425024682897
2018-12-21,0.011049,0.8801611265780619
2018-12-24,0.003598,0.8833279463114897
2018-12-25,-0.006675,0.8774317322698605
2018-12-26,0.002482,0.8796095178293544
2018-12-27,0.010213,0.8885929698349456
2018-12-28,0.003036,0.8912907380913645
2018-12-31,-0.005723,0.8861898811972676
2019-01-01,0.003797,0.8895547441761736
2019-01-02,-0.008424,0.8820611350112335
2019-01-03,-0.000854,0.8813078548019339
2019-01-04,-0.001888,0.8796439455720678
2019-01-07,-0.002363,0.877565346928681
2019-01-08,0.007723,0.8843427841030111
2019-01-09,-0.001376,0.8831259284320854
2019-01-10,-0.004286,0.8793408507028254
2019-01-11,-0.002439,0.8771961383679613
2019-01-14,0.00357,0.880327728581935
2019-01-15,0.001891,0.8819924283166835
2019-01-16,0.007189,0.888333071883852
2019-01-17,-0.006226,0.8828023101783032
2019-01-18,-0.004328,0.8789815417798515
2019-01-21,0.00683,0.8849849857102079
2019-01-22,-0.005214,0.8803706739947148
2019-01-23,0.003282,0.8832600505467655
2019-01-24,-0.007733,0.8764298005758874
2019-01-25,-0.024199,0.8552210758317516
2019-01-28,0.010036,0.8638040745487989
2019-01-29,-0.038522,0.8305286139890301
2019-01-30,-0.01588,0.8173398195988844
2019-01-31,0.001925,0.8189131987516122
2019-02-01,0.016663,0.8325587493824104
2019-02-04,0.021731,0.8506510835652394
2019-02-05,0.001432,0.8518692159169049
2019-02-06,0.0045,0.855702627388531
2019-02-07,0.005771,0.8606408872511901
2019-02-08,0.004832,0.8647995040183879
2019-02-11,-0.009492,0.8565908271262453
2019-02-12,0.013303,0.8679860548995059
2019-02-13,0.002529,0.8701811916323468
2019-02-14,0.000466,0.8705866960676475
2019-02-15,0.015397,0.8839911194270011
2019-02-18,-0.003569,0.8808361551217662
2019-02-19,-0.000806,0.880126201180738
2019-02-20,-0.0091,0.8721170527499933
2019-02-21,-0.016841,0.8574297294646307
2019-02-22,0.029972,0.8831286133161446
2019-02-25,-0.009553,0.8746920856731354
2019-02-26,-0.005622,0.869774566767481
2019-02-27,-0.010052,0.8610315928223343
2019-02-28,0.005086,0.8654107995034287
2019-03-01,-0.010155,0.8566225528344713
2019-03-04,0.024982,0.8780226974493821
2019-03-05,0.000424,0.8783949790731006
2019-03-06,0.004515,0.8823609324036157
2019-03-07,-0.006706,0.876443819990917
2019-03-08,-0.008986,0.8685680958244786
2019-03-11,-0.020883,0.850429788279376
2019-03-12,-0.014332,0.8382414285537559
2019-03-13,0.005394,0.8427629028193748
2019-03-14,0.007448,0.8490398009195734
2019-03-15,-0.016181,0.8353014879008938
2019-03-18,-0.030145,0.8101213245481214
2019-03-19,-0.003068,0.8076358723244077
2019-03-20,0.013152,0.8182578993172184
2019-03-21,-0.015155,0.8058572008530659
2019-03-22,0.000383,0.8061658441609927
2019-03-25,-0.012246,0.7962935372333971
2019-03-26,-0.012287,0.7865094785414103
2019-03-27,0.03713,0.8157125754796529
2019-03-28,0.014639,0.8276537918720996
2019-03-29,-0.007765,0.8212270601782128
2019-04-01,0.024307,0.8411886263299647
2019-04-02,0.005126,0.8455005592285321
2019-04-03,-0.007606,0.8390696819750398
2019-04-04,0.007696,0.8455271622475197
2019-04-05,-0.010904,0.8363075340703727
2019-04-08,0.004823,0.8403410453071941
2019-04-09,-0.006513,0.8348679040791084
2019-04-10,-0.008856,0.8274743139205838
2019-04-11,0.017422,0.8418905714177083
2019-04-12,-0.028489,0.8179059509285892
2019-04-15,-0.001607,0.816591576065447
2019-04-16,-0.016159,0.8033962727878053
2019-04-17,0.009667,0.8111627045568451
2019-04-18,-0.004059,0.8078701951390489
2019-04-19,0.007112,0.8136157679668778
2019-04-22,0.008947,0.8208951882428775
2019-04-23,-0.016816,0.8070910147573853
2019-04-24,-0.007663,0.8009062763112995
2019-04-25,-0.017055,0.7872468197688103
2019-04-26,-0.016075,0.7745918271410267
2019-04-29,0.013477,0.7850310011954063
2019-04-30,-0.007977,0.7787688088988705
2019-05-01,0.003022,0.7811222482393629
2019-05-02,-0.009789,0.7734758425513478
2019-05-03,-0.00667,0.7683167586815304
2019-05-06,-0.011165,0.7597385020708511
2019-05-07,0.01169,0.7686198451600593
2019-05-08,-0.014369,0.7575755466049544
2019-05-09,-0.00965,0.7502649425802166
2019-05-10,0.050886,0.7884429244483535
2019-05-13,-0.003293,0.785846581898145
2019-05-14,0.016823,0.7990668789454176
2019-05-15,0.001185,0.800013773196968
2019-05-16,-0.002372,0.7981161405269448
2019-05-17,0.001278,0.7991361329545381
2019-05-20,-0.000868,0.7984424827911336
2019-05-21,0.007454,0.8043940730578588
2019-05-22,0.00745,0.8103868089021399
2019-05-23,-0.006071,0.8054669505852949
2019-05-24,0.015685,0.8181006997052253
2019-05-27,0.000756,0.8187191838342024
2019-05-28,-0.014761,0.8066340699616257
2019-05-29,0.002391,0.808562732022904
2019-05-30,0.017326,0.8225718899179327
2019-05-31,0.018411,0.8377162609832117
2019-06-03,0.006273,0.8429712550883594
2019-06-04,0.003166,0.845640102081969
2019-06-05,-0.007774,0.8390660959283839
2019-06-06,0.010532,0.8479031400507016
2019-06-07,0.004167,0.8514363524352928
2019-06-10,-0.01715,0.8368342189910275
2019-06-11,-0.001355,0.8357003086242947
2019-06-12,0.009712,0.8438166300216537
2019-06-13,0.01948,0.8602541779744756
2019-06-14,0.0089,0.8679104401584483
2019-06-17,-0.007783,0.8611554932026951
2019-06-18,-0.000312,0.860886812688816
2019-06-19,-0.000319,0.8606121897955683
2019-06-20,-0.022937,0.8408723279982274
2019-06-21,0.002185,0.8427096340349036
2019-06-24,-0.01938,0.8263779213273073
2019-06-25,0.009906,0.8345640210159755
2019-06-26,-0.006728,0.82894907428258
2019-06-27,0.006883,0.834654730760867
2019-06-28,-0.018794,0.8189682297509473
2019-07-01,0.004965,0.8230344070116609
2019-07-02,-0.002833,0.8207027505365968
2019-07-03,-0.01856,0.8054705074866375
2019-07-04,0.010227,0.8137080543667033
2019-07-05,0.021198,0.8309570377031688
2019-07-08,0.002448,0.8329912205314661
2019-07-09,0.003169,0.8356309697093304
2019-07-10,0.003619,0.8386551181887085
2019-07-11,-0.009856,0.8303893333438407
2019-07-12,-0.010645,0.8215498388903955
2019-07-15,0.011632,0.8311061066163686
2019-07-16,0.016558,0.8448675615297225
2019-07-17,-0.00262,0.8426540085185147
2019-07-18,0.007287,0.8487944282785891
2019-07-19,0.004544,0.852651350160687
2019-07-22,0.01021,0.8613569204458277
2019-07-23,0.010969,0.870805144506198
2019-07-24,0.006839,0.8767605808894758
2019-07-25,-0.000968,0.8759118766471748
2019-07-26,0.003962,0.879382239502451
2019-07-29,-0.005462,0.8745790537102887
2019-07-30,-0.010698,0.865222806993696
2019-07-31,0.006021,0.8704323135146051
2019-08-01,0.022906,0.8903704360879707
2019-08-02,-0.03185,0.8620121376985688
2019-08-05,-0.013518,0.8503594576211595
2019-08-06,-0.001303,0.849251439247879
2019-08-07,0.003293,0.8520480242373223
2019-08-08,0.008975,0.8596951552548522
2019-08-09,0.014542,0.8721968422025683
2019-08-12,-0.002982,0.8695959512191203
2019-08-13,-0.015492,0.8561241707428336
2019-08-14,0.007072,0.8621786808783269
2019-08-15,0.006533,0.867811294200505
2019-08-16,0.007672,0.8744691424496112
2019-08-19,0.006662,0.8802948558766104
2019-08-20,-0.000681,0.8796953750797584
2019-08-21,-0.014111,0.8672819936420079
2019-08-22,0.007857,0.8740962282660532
2019-08-23,-0.00207,0.8722868490735424
2019-08-26,-0.03494,0.8418091465669129
2019-08-27,-0.006237,0.836558782919775
2019-08-28,-0.001221,0.83553734464583
2019-08-29,-0.000375,0.8352240181415878
2019-08-30,0.007126,0.8411758244948647
2019-09-02,-0.007687,0.8347097059319727
2019-09-03,-0.020361,0.8177141816094918
2019-09-04,0.005007,0.8218084765168105
2019-09-05,-0.023737,0.802301208709731
2019-09-06,0.016301,0.8153795207129082
2019-09-09,0.000367,0.8156787649970099
2019-09-10,-0.007632,0.8094535046625527
2019-09-11,-0.003282,0.8067968782602503
2019-09-12,-0.00727,0.8009314649552982
2019-09-13,-0.003459,0.7981610430180178
2019-09-16,0.003493,0.8009490195412797
2019-09-17,0.012491,0.8109536737443699
2019-09-18,0.008084,0.8175094232429193
2019-09-19,0.023294,0.8365524877479398
2019-09-20,0.003704,0.8396510781625581
2019-09-23,-0.000522,0.8392127802997572
2019-09-24,0.007515,0.8455194643437098
2019-09-25,-0.021361,0.8274583230658639
2019-09-26,-0.002847,0.8251025492200953
2019-09-27,-0.005756,0.8203532589467845
2019-09-30,-0.019921,0.8040110016753056
2019-10-01,0.009241,0.8114408673417871
2019-10-02,-0.003311,0.8087541866300185
2019-10-03,0.00046,0.8091262135558682
2019-10-04,0.018442,0.8240481191862656
2019-10-07,-0.009312,0.8163745831004031
2019-10-08,-0.009838,0.8083430899518613
2019-10-09,0.012835,0.8187181735113934
2019-10-10,0.019272,0.834496510151305
2019-10-11,-0.001547,0.8332055440501009
2019-10-14,-0.020109,0.8164506137647974
2019-10-15,-0.007431,0.8103835692539113
2019-10-16,-3.5e-05,0.8103552058289875
2019-10-17,-0.00197,0.8087588060735044
2019-10-18,0.012301,0.8187073481470145
2019-10-21,0.001953,0.8203062835979457
2019-10-22,-0.013553,0.8091886725363426
2019-10-23,0.007559,0.815305329712045
2019-10-24,-0.001428,0.8141410737012161
2019-10-25,-0.026433,0.7926208827000718
2019-10-28,-0.03252,0.7668448515946654
2019-10-29,0.007543,0.772629162310244
2019-10-30,0.020993,0.788848966314623
2019-10-31,-0.00562,0.7844156351239349
2019-11-01,-0.009753,0.7767652294345712
2019-11-04,-0.014218,0.7657211814024705
2019-11-05,-0.008232,0.7594177646371654
2019-11-06,-0.009214,0.7524204893537985
2019-11-07,0.004899,0.7561065973311427
2019-11-08,-0.004372,0.752800899287611
2019-11-11,-0.002675,0.7507871568820166
2019-11-12,-0.004461,0.7474378953751659
2019-11-13,-0.000936,0.7467382935050947
2019-11-14,0.018184,0.7603169826341913
2019-11-15,0.006543,0.7652917366515668
2019-11-18,0.00386,0.7682457627550419
2019-11-19,0.010237,0.7761102946283652
2019-11-20,-0.001384,0.7750361579805995
2019-11-21,0.01098,0.7835460549952266
2019-11-22,0.017953,0.797613057320556
2019-11-25,-0.004594,0.7939488229352254
2019-11-26,0.022529,0.8118356959671331
2019-11-27,0.006863,0.8174073243485556
2019-11-28,0.004498,0.8210840224934752
2019-11-29,0.000541,0.8215282289496442
2019-12-02,-0.00472,0.8176506157090019
2019-12-03,0.004358,0.8212139370922618
2019-12-04,0.004461,0.8248773724656304
2019-12-05,0.000934,0.8256478079315133
2019-12-06,-0.00336,0.8228736312968633
2019-12-09,0.001951,0.8244790577515235
2019-12-10,-0.007222,0.818524669996442
2019-12-11,0.004905,0.8225395335027745
2019-12-12,0.012243,0.8326098850114491
2019-12-13,-0.001821,0.8310937024108432
2019-12-16,0.001945,0.8327101796620324
2019-12-17,0.000423,0.8330624160680296
2019-12-18,-0.003527,0.8301242049265577
2019-12-19,-0.026886,0.8078054855529023
2019-12-20,0.004493,0.8114349555994915
2019-12-23,-0.002001,0.8098112742533369
2019-12-24,0.011918,0.8194626050198882
2019-12-25,-0.00374,0.8163978148771138
2019-12-26,-0.003213,0.8137747286979137
2019-12-27,-0.019525,0.7978857771200869
2019-12-30,-0.02673,0.776558290297667
2019-12-31,-0.002947,0.7742697730161597
2020-01-01,-0.001052,0.7734552412149467
2020-01-02,-0.005902,0.7688903083812961
2020-01-03,0.002603,0.7708917298540126
2020-01-06,-0.002582,0.7689012874075295
2020-01-07,0.00998,0.7765749222558567
2020-01-08,-0.000878,0.775893089474116
2020-01-09,-0.001117,0.7750264168931733
2020-01-10,-0.011653,0.7659950340571171
2020-01-13,0.001487,0.76713406867276
2020-01-14,0.008109,0.7733547588356273
2020-01-15,-0.002625,0.7713247025936838
2020-01-16,-0.006216,0.7665301482423614
2020-01-17,-0.00543,0.7623678895374054
2020-01-20,0.006811,0.7675603772330446
2020-01-21,-0.002734,0.7654618671616894
2020-01-22,0.005079,0.7693496479850037
2020-01-23,-0.005538,0.7650889896344627
2020-01-24,0.00615,0.7697942869207147
2020-01-27,-0.00192,0.7683162818898269
2020-01-28,-0.010209,0.7604725409680136
2020-01-29,-0.028183,0.7390401433459122
2020-01-30,0.001998,0.7405167455523173
2020-01-31,0.000596,0.7409580935326665
2020-02-03,-0.010212,0.7333914294815109
2020-02-04,0.016271,0.7453244414306045
2020-02-05,-0.004025,0.7423245105538464
2020-02-06,0.005515,0.7464184302295508
2020-02-07,-0.006112,0.7418563207839878
2020-02-10,-0.002857,0.7397368372755079
2020-02-11,-0.004039,0.7367490401897521
2020-02-12,-0.005205,0.7329142614355644
2020-02-13,-0.011164,0.7247320066208978
2020-02-14,0.000262,0.7249218864066325
2020-02-17,-0.021432,0.7093853605371655
2020-02-18,-0.002914,0.7073182115965602
2020-02-19,-0.009471,0.7006192008145291
2020-02-20,-0.005681,0.6966389831347017
2020-02-21,0.003299,0.698937195140063
2020-02-24,0.024289,0.71591368067282
2020-02-25,-0.00906,0.7094275027259243
2020-02-26,0.002694,0.7113387004182679
2020-02-27,0.013676,0.7210669684851881
2020-02-28,-0.009375,0.7143069656556394
2020-03-02,-0.003829,0.711571884284144
2020-03-03,-0.00684,0.7067047325956405
2020-03-04,0.029624,0.7276401535940538
2020-03-05,0.007932,0.7334117952923618
2020-03-06,0.000337,0.7336589550673753
2020-03-09,-0.0029,0.73153134409768
2020-03-10,0.006033,0.7359446726966212
2020-03-11,0.013706,0.7460315303806011
2020-03-12,-0.010352,0.738308611978101
2020-03-13,0.005034,0.7420252575307988
2020-03-16,0.004966,0.7457101549596968
2020-03-17,0.008002,0.7516773276196844
2020-03-18,-1.3e-05,0.7516675558144253
2020-03-19,0.005771,0.7560054292790304
2020-03-20,-0.006446,0.7511322182818978
2020-03-23,0.013725,0.7614415079778168
2020-03-24,0.015399,0.7731669457591672
2020-03-25,-0.029817,0.7501134269374662
2020-03-26,0.014406,0.7609195609659273
2020-03-27,0.02056,0.7765640671393866
2020-03-30,0.003451,0.7792439897350847
2020-03-31,0.014042,0.7901861338389449
2020-04-01,0.001283,0.7911999426486602
2020-04-02,-0.00636,0.7861679110134148
2020-04-03,-0.000713,0.7856073732928622
2020-04-06,0.002244,0.7873702762385314
2020-04-07,0.011236,0.7962171686623476
2020-04-08,-0.002624,0.7941278948117776
2020-04-09,0.013273,0.8046683543596144
2020-04-10,-0.001917,0.803125805124307
2020-04-13,0.012941,0.8135190561684207
2020-04-14,-0.005354,0.809163475141695
2020-04-15,-0.011733,0.7996695600878575
2020-04-16,-0.004238,0.7962805604922052
2020-04-17,-0.003583,0.7934274872439616
2020-04-20,-0.01482,0.781668891883006
2020-04-21,0.014578,0.7930640609888765
2020-04-22,0.006046,0.7978589263016153
2020-04-23,0.006485,0.8030330414386813
2020-04-24,0.002067,0.804692910735335
2020-04-27,0.029769,0.8286478139950151
2020-04-28,-0.007149,0.8227238107727648
2020-04-29,-0.002194,0.8209187547319293
2020-04-30,-5.5e-05,0.820873604200419
2020-05-01,0.014285,0.8325997836364221
2020-05-04,-0.001911,0.8310086854498928
2020-05-05,-0.026006,0.8093974735760829
2020-05-06,0.01491,0.8214655899071023
2020-05-07,-0.009111,0.8139812169174587
2020-05-08,0.002341,0.8158867469462624
2020-05-11,5.1e-05,0.8159283571703567
2020-05-12,-0.011508,0.8065386536360403
2020-05-13,0.015223,0.8188165915603417
2020-05-14,0.022055,0.836875591487205
2020-05-15,-0.012601,0.8263301221588748
2020-05-18,-0.021507,0.8085582402216039
2020-05-19,0.016767,0.8221153362353996
2020-05-20,-0.000409,0.8217790910628793
2020-05-21,-0.00765,0.8154924810162482
2020-05-22,-0.01518,0.8031133051544216
2020-05-25,-0.003312,0.8004533938877502
2020-05-26,0.002315,0.8023064434946003
2020-05-27,0.00093,0.8030525884870504
2020-05-28,0.014718,0.8148719164844028
2020-05-29,0.001274,0.8159100633060039
2020-06-01,0.015348,0.8284326509576244
2020-06-02,0.000862,0.8291467599027498
2020-06-03,-0.003833,0.8259686403720425
2020-06-04,-0.026861,0.803782296723009
2020-06-05,-0.051563,0.7623368701570805
2020-06-08,0.012967,0.7722220923524074
2020-06-09,-0.009532,0.7648612713681042
2020-06-10,-0.008237,0.7585611090758451
2020-06-11,-0.009105,0.7516544101777095
2020-06-12,0.001602,0.7528585605428143
2020-06-15,0.001849,0.754250596021258
2020-06-16,0.004792,0.7578649648773917
2020-06-17,-0.006381,0.7530290285365091
2020-06-18,-0.008023,0.7469874766405606
2020-06-19,0.008684,0.7534743158877072
2020-06-22,0.001274,0.7544342421661482
2020-06-23,-0.005669,0.7501573544473082
2020-06-24,-0.007693,0.7443863939195451
2020-06-25,-0.014909,0.7332883371725987
2020-06-26,0.061665,0.778506562484347
2020-06-29,-0.005649,0.7741087789128729
2020-06-30,0.000512,0.7745051226076763
2020-07-01,0.016054,0.78693902784602
2020-07-02,-0.015546,0.7747052737191258
2020-07-03,0.002172,0.7763879335736438
2020-07-06,0.00991,0.7840819379953586
2020-07-07,-0.015966,0.7715632857733247
2020-07-08,-0.005377,0.7674145899857215
2020-07-09,-0.015154,0.7557851892890779
2020-07-10,0.003103,0.758130390731442
2020-07-13,-0.019016,0.7437137832212928
2020-07-14,-0.00716,0.7383887925334283
2020-07-15,-0.017873,0.7251915696444783
2020-07-16,0.008594,0.7314238659940029
2020-07-17,-0.000445,0.7310983823736356
2020-07-20,0.007612,0.7366635032602636
2020-07-21,0.012771,0.7460714328604006
2020-07-22,-0.007255,0.7406586846149984
2020-07-23,-0.002746,0.7386248358670456
2020-07-24,-0.00389,0.7357515852555229
2020-07-27,-0.020061,0.7209916727037118
2020-07-28,-0.005243,0.7172115133637262
2020-07-29,0.001526,0.7183059781331192
2020-07-30,0.01081,0.7260708657567383
2020-07-31,0.01289,0.7354299192163427
2020-08-03,0.014038,0.7457538844223017
2020-08-04,-0.002406,0.7439596005763817
2020-08-05,-0.00903,0.7372416453831769
2020-08-06,0.019525,0.7516362885092834
2020-08-07,-0.013844,0.741230635731161
2020-08-10,0.009501,0.7482730680012427
2020-08-11,-0.009752,0.7409759090420946
2020-08-12,-0.00524,0.7370931952787141
2020-08-13,-0.016162,0.7251802950566195
2020-08-14,-0.005697,0.721048942915682
2020-08-17,0.004833,0.7245337724567935
2020-08-18,0.003059,0.7267501212667388
2020-08-19,-0.004078,0.723786434272213
2020-08-20,0.006178,0.7282579868631468
2020-08-21,0.019069,0.7421451384146401
2020-08-24,-0.005386,0.7381479446991389
2020-08-25,-0.007802,0.7323889144345963
2020-08-26,-0.004981,0.7287408852517976
2020-08-27,0.002612,0.7306443564440753
2020-08-28,-0.002181,0.7290508211026708
2020-08-31,0.004224,0.7321303317710085
2020-09-01,-0.012923,0.7226690114935318
2020-09-02,0.004901,0.7262108123188616
2020-09-03,-0.008073,0.7203481124310115
2020-09-04,0.016184,0.7320062262825949
2020-09-07,-0.002879,0.7298987803571274
2020-09-08,0.012025,0.7386758131909218
2020-09-09,-0.009961,0.731317863415727
2020-09-10,-0.002473,0.7295093143395
2020-09-11,-0.00239,0.7277657870782286
2020-09-14,0.00407,0.730727793831637
2020-09-15,-0.00718,0.7254811682719259
2020-09-16,-0.001186,0.7246207476063553
2020-09-17,-0.001732,0.7233657044715012
2020-09-18,-0.002971,0.7212165849635164
2020-09-21,-0.006208,0.7167392724040629
2020-09-22,0.006403,0.7213285539652661
2020-09-23,0.016586,0.7332925093613339
2020-09-24,-0.004046,0.730325607868458
2020-09-25,9.4e-05,0.7303942584755977
2020-09-28,-0.012516,0.7212526439365171
2020-09-29,-0.006536,0.7165385366557481
2020-09-30,0.012695,0.7256349933785927
2020-10-01,-0.013503,0.7158367440630016
2020-10-02,0.000991,0.7165461382763679
2020-10-05,-0.001711,0.7153201278337771
2020-10-06,0.012995,0.7246157128949771
2020-10-07,-0.021682,0.7089045950079882
2020-10-08,-0.010421,0.70151710022341
2020-10-09,-0.000534,0.7011424900918907
2020-10-12,0.00687,0.7059593389988219
2020-10-13,0.008784,0.7121604858325875
2020-10-14,0.007252,0.7173250736758454
2020-10-15,-0.004806,0.7138776093717594
2020-10-16,-0.030786,0.6919001732896404
2020-10-19,0.016811,0.7035317071028124
2020-10-20,0.002016,0.7049500270243317
2020-10-21,0.001112,0.7057339314543828
2020-10-22,-0.012987,0.6965685648865847
2020-10-23,0.000349,0.6968116673157301
2020-10-26,-0.009723,0.6900365674744192
2020-10-27,-0.014338,0.680142823169971
2020-10-28,-0.005199,0.6766067606323103
2020-10-29,-0.008314,0.6709814520244133
2020-10-30,-0.007601,0.6658813220075758
2020-11-02,-0.022293,0.6510368296960609
2020-11-03,-0.001232,0.6502347523218753
2020-11-04,-0.01721,0.6390442122344159
2020-11-05,0.0019,0.6402583962376612
2020-11-06,0.005057,0.6434961829474352
2020-11-09,0.004708,0.6465257629767517
2020-11-10,-0.011987,0.6387758586559494
2020-11-11,0.009779,0.645022447777746
2020-11-12,0.008956,0.6507992688200435
2020-11-13,-0.011297,0.6434471894801834
2020-11-16,-0.007507,0.6386168314287557
2020-11-17,0.001715,0.6397120592946559
2020-11-18,-0.019162,0.6274538968144517
2020-11-19,-0.006563,0.6233359168896585
2020-11-20,-0.009607,0.6173475287360995
2020-11-23,-0.006577,0.6132872340396022
2020-11-24,-0.012567,0.6055800533694264
2020-11-25,-0.012848,0.5977995608437361
2020-11-26,-0.07117,0.5552541660984874
2020-11-27,-0.015473,0.5466627183864455
2020-11-30,-0.007997,0.5422910566275091
2020-12-01,-0.033381,0.5241888388662262
2020-12-02,-0.020031,0.5136888122348968
2020-12-03,-0.010098,0.5085015826089488
2020-12-04,-0.02095,0.49784847445329133
2020-12-07,-0.014411,0.490673980087945
2020-12-08,0.013155,0.49712879629600193
2020-12-09,-0.007598,0.4933516117017449
2020-12-10,-0.010915,0.4879666788600204
2020-12-11,-0.045781,0.4656270763351298
2020-12-14,-0.009716,0.4611030436614577
2020-12-15,0.001436,0.46176518763215557
2020-12-16,-0.001744,0.4609598691449251
2020-12-17,0.00554,0.463513586819988
2020-12-18,0.022268,0.47383510737129547
2020-12-21,-0.011284,0.4684883520197178
2020-12-22,-0.005461,0.46592993712933806
2020-12-23,0.013474,0.47220787710221873
2020-12-24,-0.003033,0.4707756706109677
2020-12-25,0.014762,0.47772526106052676
2020-12-28,0.003811,0.4795458720304284
2020-12-29,-0.013185,0.4732230597077072
2020-12-30,0.014932,0.4802892264352627
2020-12-31,0.015442,0.487705852669876
2021-01-01,0.059011,0.516485862741778
2021-01-04,-0.003306,0.5147783604795536
2021-01-05,0.020323,0.5252402010995796
2021-01-06,-0.000911,0.5247617072763778
2021-01-07,0.008821,0.5293906302962628
2021-01-08,-0.012594,0.5227234846983116
2021-01-11,0.005433,0.5255634413906776
2021-01-12,0.000599,0.5258782538920705
2021-01-13,-0.004605,0.5234565845328976
2021-01-14,0.000278,0.5236021054633977
2021-01-15,-0.007972,0.5194279494786435
2021-01-18,-0.006424,0.5160911443311926
2021-01-19,0.005457,0.5189074537058079
2021-01-20,0.0146,0.5264835025299127
2021-01-21,-0.002297,0.5252741699246015
2021-01-22,0.008217,0.5295903477788719
2021-01-25,0.002306,0.53081158312085
2021-01-26,0.02477,0.5439597860347534
2021-01-27,-0.010995,0.5379789481873013
2021-01-28,-0.001229,0.5373177720599791
2021-01-29,-0.001237,0.5366531099759408
2021-02-01,0.010131,0.5420899426331071
2021-02-02,0.00269,0.5435481645787902
2021-02-03,0.011494,0.5497957071824587
2021-02-04,-0.008236,0.545267589738104
2021-02-05,0.004568,0.5477583720880276
2021-02-08,0.02481,0.5613482572995315
2021-02-09,0.018712,0.5718522058901204
2021-02-10,0.010888,0.578078532707852
2021-02-11,-0.00518,0.5750840859084254
2021-02-12,0.007252,0.5792545956994334
2021-02-15,0.028407,0.5957094809994672
2021-02-16,-0.002239,0.5943756874715094
2021-02-17,-0.018269,0.5835170380370924
2021-02-18,0.013557,0.5914277785217613
2021-02-19,0.011042,0.5979583240521986
2021-02-22,-0.017649,0.5874049575910013
2021-02-23,0.009748,0.5931309811175984
2021-02-24,-0.003731,0.5909180094270486
2021-02-25,0.000462,0.5911910135474039
2021-02-26,0.016884,0.6011726826201382
2021-03-01,-0.011142,0.5944744165903847
2021-03-02,0.006706,0.5984609620280399
2021-03-03,-0.01304,0.5906570310831942
2021-03-04,-0.009775,0.584883358604356
2021-03-05,-0.009726,0.5791947830585701
2021-03-08,-0.00669,0.5753199699599083
2021-03-09,0.014304,0.5835493468102149
2021-03-10,-0.006023,0.580034629094377
2021-03-11,0.004968,0.5829162411317179
2021-03-12,0.003157,0.5847565077049708
2021-03-15,-0.004909,0.5818859380086471
2021-03-16,-0.001232,0.5811690545330204
2021-03-17,0.000978,0.5817374378683536
2021-03-18,0.025405,0.5965164774773991
2021-03-19,-0.003855,0.5942169064567238
2021-03-22,-0.015035,0.5852828552681469
2021-03-23,0.007042,0.5894044171349452
2021-03-24,0.003293,0.5913453258805705
2021-03-25,0.004873,0.5942269516535865
2021-03-26,-0.005132,0.5911773789377003
2021-03-29,-0.002024,0.5899808359227303
2021-03-30,0.00767,0.5945059889342577
2021-03-31,-0.005937,0.5909764068779549
2021-04-01,-0.018299,0.5801621296084952
2021-04-02,-0.001118,0.579513508347593
2021-04-05,-0.002579,0.5780189430095646
2021-04-06,0.003887,0.5802657026410427
2021-04-07,-0.009598,0.574696312427094
2021-04-08,-0.014715,0.5662396561897293
2021-04-09,0.004146,0.5685872858042919
2021-04-12,4.3e-05,0.5686117350575814
2021-04-13,-0.026071,0.5537874585128952
2021-04-14,-0.00281,0.552231315754474
2021-04-15,0.013191,0.5595157990405912
2021-04-16,0.000564,0.5598313659512502
2021-04-19,-0.005726,0.5566257715498133
2021-04-20,0.001475,0.5574467945628492
2021-04-21,-0.00764,0.553187901052389
2021-04-22,0.010283,0.5588763322389108
2021-04-23,-0.012216,0.5520490989642802
2021-04-26,0.000541,0.5523477575268199
2021-04-27,0.013417,0.5597586073895572
2021-04-28,-0.000697,0.5593684556402067
2021-04-29,0.08522,0.6070378354298651
2021-04-30,-0.054434,0.5739943378960759
2021-05-03,-0.001144,0.5733376883735227
2021-05-04,0.032542,0.5919952434285739
2021-05-05,0.003409,0.5940133552134219
2021-05-06,0.011333,0.6007453085680556
2021-05-07,-0.003303,0.5987610468138553
2021-05-10,0.006894,0.60288890547059
2021-05-11,-0.007364,0.5984492315707046
2021-05-12,-0.018706,0.587254640244943
2021-05-13,-0.001649,0.5862862573431791
2021-05-14,0.000614,0.5866462371051877
2021-05-17,-0.00704,0.5825162475959672
2021-05-18,-0.011843,0.5756175076756881
2021-05-19,-0.015241,0.566844521241203
2021-05-20,-0.008762,0.5618778295460876
2021-05-21,0.004677,0.5645057321548747
2021-05-24,-0.017429,0.5546669617491473
2021-05-25,-0.009485,0.5494059456169567
2021-05-26,0.010029,0.5549159378455492
2021-05-27,-0.01947,0.5441117245356963
2021-05-28,0.003608,0.5460748796378212
2021-05-31,-0.006192,0.5426935839831039
2021-06-01,-0.030966,0.525888534461483
2021-06-02,0.020047,0.5364310219118323
2021-06-03,-0.007385,0.5324694788150135
2021-06-04,-0.001158,0.5318528791585457
2021-06-07,-0.006831,0.5282197921410137
2021-06-08,-0.008273,0.5238498298006311
2021-06-09,-0.01262,0.5172388449485471
2021-06-10,0.001698,0.5181171165072698
2021-06-11,0.012844,0.5247718127516892
2021-06-14,-0.016613,0.5160537786264453
2021-06-15,-0.026026,0.5026229629839134
2021-06-16,-0.027481,0.48881038133815247
2021-06-17,0.003937,0.4907348278094808
2021-06-18,0.013453,0.4973366834480017
2021-06-21,0.000622,0.4976460268651063
2021-06-22,0.02298,0.5090819325624665
2021-06-23,-0.000804,0.5086726306886863
2021-06-24,-0.002809,0.5072437692690818
2021-06-25,0.025722,0.5202910935022211
2021-06-28,0.001242,0.5209372950403509
2021-06-29,-0.003508,0.5191098470093494
2021-06-30,0.011446,0.5250515783182185
2021-07-01,0.010653,0.5306449527820425
2021-07-02,0.00277,0.5321148393012487
2021-07-05,-0.025805,0.51838361587308
2021-07-06,0.003961,0.5204369333755533
2021-07-07,-0.012507,0.5139278286498252
2021-07-08,-0.001496,0.5131589926181651
2021-07-09,0.013556,0.5201153759220969
2021-07-12,0.007724,0.5241327470857192
2021-07-13,-0.008733,0.5195554958054196
2021-07-14,-0.002526,0.5182430986230151
2021-07-15,0.003415,0.5200128988048127
2021-07-16,-0.020141,0.509539319009985
2021-07-19,0.001486,0.5102964944380338
2021-07-20,0.008385,0.5145753305438968
2021-07-21,-0.000615,0.5142588667156123
2021-07-22,0.02443,0.5268222108294747
2021-07-23,0.000833,0.5272610537310957
2021-07-26,0.004625,0.529699636104602
2021-07-27,0.004317,0.5319863494336655
2021-07-28,-0.000854,0.5315320330912492
2021-07-29,0.005666,0.5345436935907442
2021-07-30,0.004615,0.5370106127366655
2021-08-02,0.002139,0.5381592784373092
2021-08-03,0.001549,0.5389928871596086
2021-08-04,0.017428,0.5483864551970262
2021-08-05,0.004112,0.5506414203007963
2021-08-06,-0.007496,0.5465138122142216
2021-08-09,-0.002015,0.54541258688261
2021-08-10,0.007787,0.5496597146966649
2021-08-11,-0.009231,0.5445858058702999
2021-08-12,-0.001221,0.5439208666013323
2021-08-13,-0.022553,0.5316538192968725
2021-08-16,-0.00016,0.531568754685785
2021-08-17,-0.010513,0.5259803723677734
2021-08-18,0.020092,0.5365483700093867
2021-08-19,0.009087,0.5414239850476621
2021-08-20,0.028235,0.5567110912654828
2021-08-23,-0.000872,0.5562256391938993
2021-08-24,-0.022666,0.5436182288559305
2021-08-25,-0.00755,0.5395139112280682
2021-08-26,-0.012136,0.5329663704014044
2021-08-27,-0.00637,0.5295713746219475
2021-08-30,0.006313,0.5329145587099359
2021-08-31,-0.00115,0.5323017069674194
2021-09-01,0.001457,0.533077270554471
2021-09-02,-0.020152,0.5223346973982573
2021-09-03,0.009353,0.5272200938230232
2021-09-06,0.016404,0.535868612242096
2021-09-07,0.000878,0.5363391048836446
2021-09-08,0.013694,0.5436837325859213
2021-09-09,0.000718,0.544074097505918
2021-09-10,-0.00981,0.5387367306093849
2021-09-13,-0.007232,0.5348405865736178
2021-09-14,-0.003148,0.533156908407084
2021-09-15,0.002136,0.5342957315634415
2021-09-16,-0.007612,0.5302286724547806
2021-09-17,-0.010469,0.5246777084828514
2021-09-20,0.001076,0.525242261697179
2021-09-21,0.013127,0.5321371168664778
2021-09-22,-0.01743,0.522861966919495
2021-09-23,0.003047,0.5244551273326987
2021-09-24,0.00389,0.5264952577780229
2021-09-27,-0.001797,0.5255491457997957
2021-09-28,0.008915,0.5302344164346009
2021-09-29,0.003469,0.5320737996252125
2021-09-30,0.010024,0.5374073073926556
2021-10-01,-0.009534,0.532283666123974
2021-10-04,-0.007129,0.5284890158681762
2021-10-05,0.006994,0.5321852680451582
2021-10-06,-0.007199,0.5283540663005011
2021-10-07,-0.002383,0.527094998560507
2021-10-08,-0.005238,0.5243340749580471
2021-10-11,-0.000593,0.524023144851597
2021-10-12,-0.001984,0.5229834829322114
2021-10-13,0.006904,0.5265941608983754
2021-10-14,-0.007221,0.5227916244625282
2021-10-15,0.017314,0.5318432386484725
2021-10-18,-0.02043,0.5209776812828842
2021-10-19,0.014265,0.5284094279063846
2021-10-20,-0.020566,0.5175421596120618
2021-10-21,0.000183,0.5176368698272709
2021-10-22,0.007398,0.521466347390253
2021-10-25,0.02637,0.535217414970934
2021-10-26,-0.005834,0.5320949565719936
2021-10-27,0.006894,0.5357632192026008
2021-10-28,-0.017022,0.5266434576853342
2021-10-29,0.001383,0.5273718055873129
2021-11-01,-0.027625,0.5128031594579634
2021-11-02,0.014103,0.520035222415799
2021-11-03,0.020441,0.5306652623972004
2021-11-04,-0.007043,0.5269277869541369
2021-11-05,0.034951,0.5453444400359709
2021-11-08,0.011749,0.5517516918619536
2021-11-09,-0.0073,0.5477239045113613
2021-11-10,0.003144,0.5494459484671451
2021-11-11,-0.009381,0.5442915960245749
2021-11-12,0.016834,0.5534542007520525
2021-11-15,-0.00063,0.5531055246055787
2021-11-16,-0.016223,0.5441324936799025
2021-11-17,-0.010235,0.5385632976070887
2021-11-18,-0.007706,0.5344131288357284
2021-11-19,0.000943,0.5349170804162205
2021-11-22,-0.006586,0.5313941165245993
2021-11-23,0.044484,0.5550326524040796
2021-11-24,-0.007704,0.5507566808499585
2021-11-25,-0.011217,0.5445788431608646
2021-11-26,-0.001309,0.543865989455167
2021-11-29,0.003629,0.5458396791308998
2021-11-30,0.005429,0.5488030427489015
2021-12-01,-0.008173,0.5443176754805147
2021-12-02,0.003322,0.546125898798461
2021-12-03,0.010409,0.5518105232790541
2021-12-06,-0.005477,0.5487882570430548
2021-12-07,0.011293,0.554985722829842
2021-12-08,-0.002393,0.5536576419951103
2021-12-09,-0.005845,0.5504215130776489
2021-12-10,-0.004083,0.5481741420397529
2021-12-13,0.003063,0.5498531994368206
2021-12-14,-0.004878,0.5471710155299678
2021-12-15,-0.011876,0.5406728125495339
2021-12-16,0.024144,0.5537268169357298
2021-12-17,-0.005844,0.5504908374175574
2021-12-20,0.014176,0.5582945955287887
2021-12-21,0.002704,0.5598042241150986
2021-12-22,0.000997,0.5603623489265412
2021-12-23,-0.002683,0.5588588967443714
2021-12-24,-0.003153,0.5570968146429364
2021-12-27,0.038659,0.5786336204002176
2021-12-28,0.011364,0.5852092128624456
2021-12-29,-0.009608,0.5795865227452633
2021-12-30,-0.014988,0.5708996799423574
2021-12-31,0.007787,0.5753452757500684
2022-01-03,-0.008619,0.5703863748183786
2022-01-04,-0.006297,0.5667946518161473
2022-01-05,-0.001431,0.5659835686693984
2022-01-06,0.003869,0.5681733590965802
2022-01-07,-0.014852,0.5597348483672778
2022-01-10,-0.010931,0.5536163867397751
2022-01-11,0.007411,0.5577192377819036
2022-01-12,0.001295,0.5584414841948312
2022-01-13,-0.005548,0.5553432508405183
2022-01-14,0.03391,0.5741749404765203
2022-01-17,0.010358,0.5801222445099762
2022-01-18,-0.004493,0.5775157552653929
2022-01-19,0.01338,0.5852429160708438
2022-01-20,-0.020134,0.5734596351986734
2022-01-21,-0.004769,0.5707248061984109
2022-01-24,-0.004289,0.568276967504626
2022-01-25,-0.005467,0.5651701973232782
2022-01-26,-0.00371,0.5630734158912089
2022-01-27,0.001924,0.5641567691433835
2022-01-28,-0.00248,0.5627576603559079
2022-01-31,-0.001254,0.5620519622498216
2022-02-01,0.00986,0.5675937945976048
2022-02-02,-0.016942,0.5579776205295323
2022-02-03,0.017658,0.5678303893528427
2022-02-04,-0.025069,0.5535954493221563
2022-02-07,-0.010535,0.5477633212635474
2022-02-08,0.006844,0.5515122134342751
2022-02-09,0.011198,0.5576880472003122
2022-02-10,-0.006957,0.5538082114559396
2022-02-11,-0.003736,0.5517391839779402
2022-02-14,0.007335,0.5557861908924184
2022-02-15,0.032887,0.5740643313522975
2022-02-16,0.008166,0.5787521406821203
2022-02-17,-0.003484,0.5767357682239838
2022-02-18,-0.004152,0.5743411613143178
2022-02-21,-0.008513,0.569451795008049
2022-02-22,0.005576,0.5726270582170139
2022-02-23,-0.004227,0.5702065636419306
2022-02-24,-0.005045,0.567329871528357
2022-02-25,-0.012255,0.560377243952777
2022-02-28,0.003881,0.5625520680365578
2022-03-01,0.008143,0.5671329295265795
2022-03-02,-0.000285,0.5669712966416643
2022-03-03,-0.001314,0.5662262963578771
2022-03-04,-0.014345,0.5581037801366233
2022-03-07,0.005941,0.561419474694415
2022-03-08,0.004863,0.564149657599854
2022-03-09,0.00468,0.5667898779974213
2022-03-10,-0.003943,0.5645550255084775
2022-03-11,-0.027087,0.5492629235325294
2022-03-14,-0.022729,0.5367787265435585
2022-03-15,-0.004393,0.5344206575978526
2022-03-16,-0.01549,0.5261424816116619
2022-03-17,-0.000108,0.5260856582236478
2022-03-18,-0.010985,0.5203066072680611
2022-03-21,-0.005851,0.5172622933089357
2022-03-22,-0.021437,0.506173741527272
2022-03-23,-0.02545,0.493291619805403
2022-03-24,-0.02234,0.4822714850189503
2022-03-25,0.013479,0.48877202236552075
2022-03-28,-0.005933,0.48587213795682616
2022-03-29,0.023868,0.4974689341455797
2022-03-30,-0.010461,0.49226491162548275
2022-03-31,-0.015572,0.4845993624216507
2022-04-01,-0.014772,0.47744086063995805
2022-04-04,0.005489,0.4800615335240108
2022-04-05,0.016243,0.4878591730130413
2022-04-06,0.003392,0.4895139913279016
2022-04-07,-0.003123,0.4879852391329845
2022-04-08,-0.006329,0.48489678055451185
2022-04-11,0.007204,0.48838997696162656
2022-04-12,0.005882,0.49126268680611485
2022-04-13,-0.000323,0.4911040089582765
2022-04-14,-0.008285,0.48703521224405716
2022-04-15,0.011698,0.4927325501568881
2022-04-18,0.000746,0.4931001286393051
2022-04-19,-0.007404,0.4894492152868597
2022-04-20,-0.006497,0.48626926373514096
2022-04-21,0.002135,0.48730744861321545
2022-04-22,0.000711,0.4876539242091794
2022-04-25,-0.003064,0.4861597525854025
2022-04-26,0.018026,0.49492326828550703
2022-04-27,-0.002831,0.49352214051299076
2022-04-28,0.004862,0.4959216451601649
2022-04-29,0.004675,0.4982400788512887
2022-05-02,-0.001685,0.49740054431842423
2022-05-03,-0.004366,0.49522889354193
2022-05-04,-0.005046,0.4927299685451174
2022-05-05,0.009688,0.4975035364803825
2022-05-06,-0.008112,0.4934677877924536
2022-05-09,0.003019,0.49495756704379906
2022-05-10,-0.009139,0.4904341498385858
2022-05-11,-0.003854,0.4885440166251079
2022-05-12,-0.000817,0.4881448761635252
2022-05-13,-0.000351,0.4879735373119918
2022-05-16,0.009011,0.49237066685671016
2022-05-17,-0.000692,0.49202994635524533
2022-05-18,-0.038949,0.47286587197465485
2022-05-19,0.001625,0.47363427901661365
2022-05-20,0.004773,0.4758949354303599
2022-05-23,0.022075,0.4864003161299851
2022-05-24,-0.010856,0.48111995429807797
2022-05-25,0.005078,0.48356308142600357
2022-05-26,0.004324,0.4856540081900896
2022-05-27,-0.004331,0.4835506406806183
2022-05-30,-0.001486,0.4828320844285669
2022-05-31,-0.006858,0.4795208219935558
2022-06-01,-0.029016,0.46560704582259077
2022-06-02,-0.010476,0.4607293464105533
2022-06-03,0.006719,0.46382498688908574
2022-06-06,-0.01146,0.4585095525393368
2022-06-07,-0.002964,0.4571505302256102
2022-06-08,-0.006259,0.4542892250569281
2022-06-09,0.006501,0.45724255930902324
2022-06-10,-0.005154,0.4548859311583445
2022-06-13,0.000309,0.4550264909110724
2022-06-14,0.004769,0.4571965122462273
2022-06-15,0.001305,0.4577931536947086
2022-06-16,0.003437,0.45936658876395725
2022-06-17,-0.009206,0.45513765994779626
2022-06-20,0.002282,0.4561762840877971
2022-06-21,0.003189,0.45763103025775315
2022-06-22,-0.003774,0.45590393074956037
2022-06-23,-0.002108,0.4549428852635403
2022-06-24,-0.002734,0.4536990714152298
2022-06-27,-0.015139,0.44683052117307465
2022-06-28,-0.00432,0.44490021332160695
2022-06-29,0.003193,0.44632077970274286
2022-06-30,0.002512,0.4474419375013562
2022-07-01,0.003604,0.4490545182441111
2022-07-04,-0.005592,0.44654340537809
2022-07-05,0.00214,0.44749900826559913
2022-07-06,0.008281,0.45120474755304657
2022-07-07,-0.006478,0.4482818431983979
2022-07-08,-0.008318,0.44455303482667363
2022-07-11,0.001279,0.44512161815821694
2022-07-12,0.002969,0.44644318424252866
2022-07-13,0.001657,0.4471829405988185
2022-07-14,0.006825,0.45023496416840547
2022-07-15,-0.013503,0.44415544144723945
2022-07-18,-0.002684,0.44296332824239504
2022-07-19,-0.011781,0.4377447772723714
2022-07-20,-0.022193,0.4280299074303656
2022-07-21,0.008161,0.4315230595049049
2022-07-22,0.009679,0.43569977119785286
2022-07-25,-0.00988,0.43139505745841805
2022-07-26,0.015783,0.4382037656502843
2022-07-27,-0.015875,0.43124728087058606
2022-07-28,-0.004678,0.42922990609067346
2022-07-29,0.006166,0.43187653769162854
2022-08-01,0.014914,0.4383175443747615
2022-08-02,-0.009842,0.4340036231030251
2022-08-03,0.011348,0.4389286962179982
2022-08-04,0.009591,0.44313846134342494
2022-08-05,0.006332,0.4459444140806515
2022-08-08,-0.024066,0.43521231581138653
2022-08-09,0.021569,0.4445994102511223
2022-08-10,-0.004583,0.44256181115394144
2022-08-11,-0.004682,0.4404897367541187
2022-08-12,0.004347,0.44240454563978887
2022-08-15,-0.026305,0.4307670940667342
2022-08-16,-0.035406,0.4155153543342074
2022-08-17,-0.013269,0.4100018810975468
2022-08-18,-0.007414,0.4069621271510896
2022-08-19,-0.019569,0.3989982852848699
2022-08-22,-0.007391,0.3960492889583294
2022-08-23,0.008795,0.399532542454718
2022-08-24,-0.006024,0.39712575841897074
2022-08-25,-0.013472,0.39177568020155035
2022-08-26,-0.002089,0.39095726080560933
2022-08-29,0.015432,0.39699051325436147
2022-08-30,-0.009617,0.39317265548839425
2022-08-31,-0.014965,0.38728882669901044
2022-09-01,-0.0151,0.38144076541585537
2022-09-02,0.011763,0.38592765313944205
2022-09-05,-0.010881,0.3817283743456318
2022-09-06,0.015967,0.38782343129880853
2022-09-07,-0.021185,0.37960739190674325
2022-09-08,-0.000989,0.37923196019614747
2022-09-09,0.010187,0.3830951961746656
2022-09-12,-0.013021,0.37810691362527526
2022-09-13,-0.043508,0.3616562380272668
2022-09-14,-0.006639,0.35925520226300384
2022-09-15,-0.015711,0.35361094378024976
2022-09-16,-0.028464,0.3435457618764887
2022-09-19,-0.006741,0.3412299198956793
2022-09-20,-0.044329,0.32610353877662374
2022-09-21,0.041385,0.33959933372889434
2022-09-22,-0.00888,0.33658369164538177
2022-09-23,0.000182,0.3366449498772612
2022-09-26,-0.002029,0.33596189727396025
2022-09-27,0.002534,0.3368132247216525
2022-09-28,0.008153,0.33955926294280814
2022-09-29,-0.016362,0.3340033942825379
2022-09-30,-0.008838,0.33105147228386883
2022-10-03,-0.010834,0.3274648606331454
2022-10-04,0.0236,0.3351930313440876
2022-10-05,-0.003954,0.3338676780981531
2022-10-06,-0.014951,0.3288760224429076
2022-10-07,0.016869,0.33442383206549703
2022-10-10,0.001907,0.33506157831324596
2022-10-11,0.014861,0.3400409284285591
2022-10-12,0.015787,0.34540915456566074
2022-10-13,-0.017274,0.3394425568296935
2022-10-14,-0.007613,0.33685838064454904
2022-10-17,-0.003296,0.3357480954219446
2022-10-18,-0.015244,0.33062995145533247
2022-10-19,-0.005323,0.32887000822373574
2022-10-20,0.001876,0.32948696835916347
2022-10-21,0.008891,0.3324164369948448
2022-10-24,-0.004789,0.33082449467807645
2022-10-25,-0.008718,0.327940366733473
2022-10-26,-0.007704,0.3254139141481583
2022-10-27,-0.002257,0.3246794549439259
2022-10-28,-0.000235,0.3246031552720141
2022-10-31,0.001452,0.3250744790534691
2022-11-01,0.003962,0.32636242413947897
2022-11-02,-0.002859,0.32542935396886424
2022-11-03,-0.009236,0.3224236884556078
2022-11-04,0.005741,0.3242747228510315
2022-11-07,-0.003813,0.3230382633328005
2022-11-08,-0.002493,0.3222329289423118
2022-11-09,-0.004376,0.32082283764526026
2022-11-10,-0.002979,0.31986710641191507
2022-11-11,0.005177,0.32152305842180956
2022-11-14,-0.009194,0.3185669754226794
2022-11-15,-0.000521,0.3184010020284842
2022-11-16,-0.000575,0.3182179214523178
2022-11-17,0.004999,0.3198086928416579
2022-11-18,-0.00288,0.31888764380627393
2022-11-21,0.006824,0.32106373308760794
2022-11-22,0.031298,0.3311123858057839
2022-11-23,0.005696,0.3329984019553336
2022-11-24,-0.022376,0.32554722971318106
2022-11-25,-0.003433,0.3244296260735757
2022-11-28,-0.005553,0.32262806835998914
2022-11-29,0.009622,0.32573239563374895
2022-11-30,0.002228,0.32645812741122093
2022-12-01,-0.004922,0.3248513005081029
2022-12-02,-0.004081,0.3235255823507293
2022-12-05,-0.00912,0.32057502903969065
2022-12-06,0.00173,0.3211296238399293
2022-12-07,0.012539,0.3251562681932582
2022-12-08,-0.003675,0.323961318907648
2022-12-09,-0.007441,0.3215507227336562
2022-12-12,0.005598,0.3233507636795192
2022-12-13,-0.003041,0.3223674540071698
2022-12-14,0.007314,0.32472524956577825
2022-12-15,5e-05,0.32474148582825657
2022-12-16,0.009677,0.3278840091866166
2022-12-19,-0.008168,0.3252058525995803
2022-12-20,-0.003098,0.3241983648682268
2022-12-21,0.020387,0.33080779693279533
2022-12-22,-0.001206,0.33040884272969434
2022-12-23,0.006429,0.33253304117960353
2022-12-26,0.011365,0.33631227919260975
2022-12-27,0.003393,0.33745338675591025
2022-12-28,0.004599,0.3390053348816007
2022-12-29,-0.000189,0.33894126287330806
2022-12-30,-0.00136,0.3384803027558003
2023-01-02,-0.005623,0.33657702801340444
2023-01-03,-0.004251,0.33514623906731944
2023-01-04,-0.016277,0.3296910637340207
2023-01-05,-0.000458,0.3295400652268305
2023-01-06,0.01121,0.3332342093580232
2023-01-09,-0.008697,0.3303360714392365
2023-01-10,-0.030944,0.3201141520446208
2023-01-11,0.015141,0.3249610004207284
2023-01-12,0.013594,0.32937852026044784
2023-01-13,-0.019017,0.3231147289406549
2023-01-16,0.000485,0.32327143958419113
2023-01-17,0.024908,0.33132348460135413
2023-01-18,0.012471,0.33545541977781757
2023-01-19,-0.024014,0.32739979332727304
2023-01-20,0.024626,0.3354623406377505
2023-01-23,0.00509,0.33716984395159666
2023-01-24,0.005387,0.3389861779009639
2023-01-25,-0.00273,0.33806074563529426
2023-01-26,0.029113,0.3479027081229746
2023-01-27,0.02586,0.3568994721550347
2023-01-30,0.007231,0.35948021223818777
2023-01-31,-0.009153,0.35618988985557165
2023-02-01,0.003789,0.3575394933482344
2023-02-02,-0.012921,0.35291972555468193
2023-02-03,0.00473,0.35458903585655555
2023-02-06,0.022074,0.3624162342340531
2023-02-07,-0.012415,0.35791683668603735
2023-02-08,-5.7e-05,0.35789643542634625
2023-02-09,-0.017147,0.3517595852480907
2023-02-10,-0.009832,0.3483010850059315
2023-02-13,-0.020387,0.3412002707859155
2023-02-14,0.026901,0.35037889927032745
2023-02-15,0.018779,0.356958664619725
2023-02-16,-0.000798,0.35667381160535844
2023-02-17,-0.006262,0.3544403201970857
2023-02-20,-0.005273,0.3525713563886865
2023-02-21,0.008643,0.35561863062195387
2023-02-22,0.000958,0.35595931327008973
2023-02-23,-0.001763,0.35533175700079456
2023-02-24,-0.006776,0.3529240290153572
2023-02-27,0.023671,0.3612780937061797
2023-02-28,-0.001503,0.3607350927313393
2023-03-01,0.012215,0.36514147188905266
2023-03-02,0.00229,0.36597764585967857
2023-03-03,0.007667,0.36878359647048475
2023-03-06,-0.005682,0.3666881680753395
2023-03-07,-0.006183,0.36442093513212964
2023-03-08,-0.006656,0.3619953493878902
2023-03-09,-0.010482,0.35820091413560634
2023-03-10,-0.004044,0.35675234963884195
2023-03-13,0.000535,0.3569432121458987
2023-03-14,-0.010308,0.35326384151509876
2023-03-15,-0.009671,0.34984742690380627
2023-03-16,-0.002463,0.3489857526913422
2023-03-17,-0.003295,0.3478358446362242
2023-03-20,0.014884,0.3530130333477897
2023-03-21,-0.00828,0.35009008543167003
2023-03-22,-0.002407,0.349247418596036
2023-03-23,-0.000179,0.34918490330810725
2023-03-24,0.005169,0.35098984007330686
2023-03-27,-0.004813,0.34930052597303407
2023-03-28,-0.009115,0.34611665167878986
2023-03-29,0.016662,0.35188364732906185
2023-03-30,0.015979,0.3575063961297329
2023-03-31,0.012185,0.3618626115665737
2023-04-03,-0.007444,0.3591689062860721
2023-04-04,-0.033486,0.34714177629017673
2023-04-05,0.000234,0.3472230074658287
2023-04-06,1.7e-05,0.34722891025695557
2023-04-07,0.011867,0.3513494757349749
2023-04-10,0.007326,0.35392346199420927
2023-04-11,-0.000997,0.353570600302601
2023-04-12,0.004519,0.3551683858453685
2023-04-13,-0.012594,0.3506953951940319
2023-04-14,-0.00526,0.3488507374153113
2023-04-17,0.029831,0.35925730376314746
2023-04-18,-0.008794,0.35609799503385436
2023-04-19,0.007885,0.35890582772469626
2023-04-20,0.009226,0.3622170928912843
2023-04-21,-0.006257,0.35995070054106354
2023-04-24,0.000401,0.36009504077198057
2023-04-25,0.001876,0.3607705790684688
2023-04-26,-0.004686,0.359080008134954
2023-04-27,-0.016145,0.3532826614036152
2023-04-28,-0.005772,0.35124351388199354
2023-05-01,-0.001561,0.35069522275682374
2023-05-02,-0.001746,0.35008290889789034
2023-05-03,0.016446,0.35584037241762506
2023-05-04,0.007395,0.3584718119716534
2023-05-05,0.000206,0.35854565716491954
2023-05-08,8.2e-05,0.35857505790880706
2023-05-09,0.007157,0.3611413795982604
2023-05-10,8.3e-05,0.3611713543327671
2023-05-11,-0.001555,0.36060973287677967
2023-05-12,-0.002188,0.3598207187812453
2023-05-15,-0.007354,0.357174597215328
2023-05-16,-0.003909,0.3557784017148133
2023-05-17,-0.006363,0.3535145837447019
2023-05-18,0.012266,0.3578507936289145
2023-05-19,-0.000578,0.357643955870197
2023-05-22,-0.003259,0.356478394218016
2023-05-23,0.0036,0.3577617164372009
2023-05-24,0.011874,0.3620097790581762
2023-05-25,0.000554,0.36221033247577444
2023-05-26,-0.000487,0.36203393604385875
2023-05-29,0.022974,0.3703513036905304
2023-05-30,-0.002256,0.3695157911494045
2023-05-31,0.018606,0.3763910019595303
2023-06-01,0.003138,0.3775721169236793
2023-06-02,-0.003647,0.3761951114132587
2023-06-05,0.012511,0.38090168845214994
2023-06-06,-0.005899,0.3786547493919707
2023-06-07,-0.005815,0.37645287202425637
2023-06-08,-0.011995,0.37193731982432543
2023-06-09,0.0011,0.3723464508761322
2023-06-12,-0.010083,0.3685920816119482
2023-06-13,-0.003145,0.3674328595152786
2023-06-14,-0.003078,0.36630190117369055
2023-06-15,0.0054,0.3682799314400285
2023-06-16,0.00547,0.3702944226650055
2023-06-19,-0.003292,0.3690754134255923
2023-06-20,-0.012873,0.36432430562856466
2023-06-21,-0.011654,0.3600784701707693
2023-06-22,0.001365,0.36056997728255247
2023-06-23,0.002886,0.3616105822369899
2023-06-26,-0.003211,0.36044945065742695
2023-06-27,0.002905,0.3614965563115867
2023-06-28,0.034551,0.37398662382870834
2023-06-29,-0.002539,0.37303707179080725
2023-06-30,0.012304,0.3776269199221214
2023-07-03,-0.000808,0.3773217973708243
2023-07-04,0.010515,0.3812893360701785
2023-07-05,-0.011678,0.376836639203551
2023-07-06,-0.004787,0.3750327222116836
2023-07-07,0.01001,0.3787867997610226
2023-07-10,-0.043614,0.36226639227624535
2023-07-11,-0.006989,0.35973451246062665
2023-07-12,-0.009818,0.3562026390172882
2023-07-13,0.004369,0.35775888834715475
2023-07-14,-0.011777,0.3535455619190903
2023-07-17,-0.003635,0.3522604238015144
2023-07-18,0.002337,0.35308365641193856
2023-07-19,0.009713,0.35651315796666777
2023-07-20,0.010003,0.36007935908580835
2023-07-21,-0.003571,0.35879351569451295
2023-07-24,0.005928,0.36092044365555
2023-07-25,0.007938,0.36378543013728776
2023-07-26,-0.011281,0.359681566699909
2023-07-27,-0.02064,0.3522577391632229
2023-07-28,0.007009,0.3547267136570179
2023-07-31,-0.008434,0.3517349485540346
2023-08-01,-0.002124,0.3509878635233058
2023-08-02,-0.002175,0.3502244649201426
2023-08-03,-0.01365,0.34544390097398264
2023-08-04,0.02005,0.35237005118851095
2023-08-07,0.005977,0.35447616698446466
2023-08-08,-0.004049,0.35304089298434455
2023-08-09,0.007579,0.3557165899122729
2023-08-10,-0.005978,0.3535901161377773
2023-08-11,-0.034043,0.34155284781409895
2023-08-14,-0.005677,0.3396138522970583
2023-08-15,-0.022443,0.3319918986099554
2023-08-16,0.001793,0.33258716008416306
2023-08-17,0.006855,0.33486704506654
2023-08-18,-0.007491,0.3323585560319466
2023-08-21,-0.01125,0.3286195222765872
2023-08-22,-0.004469,0.32715092163153314
2023-08-23,-0.040577,0.31387611868449045
2023-08-24,0.00549,0.3155992985760683
2023-08-25,0.001809,0.3161702177071924
2023-08-28,-0.007318,0.3138564840540111
2023-08-29,0.009783,0.31692694203751154
2023-08-30,-0.028589,0.3078663176916011
2023-08-31,0.003927,0.30907530872117606
2023-09-01,-0.020529,0.302730301708439
2023-09-04,-0.004007,0.3015172613894933
2023-09-05,0.008424,0.3040572427994384
2023-09-06,0.000727,0.3042782924149536
2023-09-07,0.013146,0.3082783348470406
2023-09-08,-0.009126,0.30546498676322653
2023-09-11,0.000175,0.3055184431359101
2023-09-12,-0.00297,0.30461105335979644
2023-09-13,0.009654,0.30755176846893195
2023-09-14,-0.008657,0.3048892928092964
2023-09-15,-0.009919,0.30186509591392097
2023-09-18,0.017111,0.3070303095701041
2023-09-19,0.013656,0.3112231154775934
2023-09-20,-0.028558,0.3023352057457843
2023-09-21,-0.017633,0.2970041290628689
2023-09-22,0.003735,0.2981134394849187
2023-09-25,0.011629,0.30158020067268887
2023-09-26,-0.000207,0.3015177735711496
2023-09-27,0.007765,0.3038590590829296
2023-09-28,0.012121,0.3075421347380738
2023-09-29,0.006921,0.30967063385259597
2023-10-02,-0.013221,0.3055764784024308
2023-10-03,-0.0158,0.3007483700436724
2023-10-04,-0.002824,0.29989905664666905
2023-10-05,-0.006718,0.29788433478411674
2023-10-06,-0.002764,0.29706098248277346
2023-10-09,-0.03821,0.2857102823421067
2023-10-10,-0.007884,0.28345774247612154
2023-10-11,0.018235,0.28862659441017363
2023-10-12,-0.010893,0.2854825849172636
2023-10-13,-0.004972,0.28406316550505495
2023-10-16,0.000892,0.28431654984868543
2023-10-17,0.00747,0.2864403944760551
2023-10-18,-0.006131,0.28468422841752244
2023-10-19,-0.006227,0.28291149972716656
2023-10-20,-0.004965,0.28150684413102117
2023-10-23,-0.004626,0.28020459347007104
2023-10-24,-0.028542,0.27220699396324827
2023-10-25,0.001119,0.2725115935894932
2023-10-26,0.019058,0.2777051195401217
2023-10-27,-0.025192,0.27070917216866697
2023-10-30,-0.006521,0.2689438776569551
2023-10-31,-0.01687,0.2644067944408823
2023-11-01,0.020821,0.2699120083079359
2023-11-02,0.007879,0.2720386450213941
2023-11-03,0.010241,0.27482459278505816
2023-11-06,-0.000301,0.2747418705826299
2023-11-07,0.003029,0.27557406370862464
2023-11-08,-0.011427,0.2724250788826262
2023-11-09,0.000276,0.27250026820439777
2023-11-10,-0.003553,0.2715320747514675
2023-11-13,-0.002632,0.27081740233072166
2023-11-14,0.004814,0.2721211173055418
2023-11-15,0.012818,0.2756091657871642
2023-11-16,0.021699,0.28158960907557984
2023-11-17,0.010585,0.2845702350876449
2023-11-20,0.009679,0.2873245903930582
2023-11-21,0.003601,0.2883592462430636
2023-11-22,-0.000356,0.28825659035140105
2023-11-23,-0.006679,0.28633132458444405
2023-11-24,-0.009905,0.2834952128144351
2023-11-27,-0.014671,0.27933605454723454
2023-11-28,0.008504,0.2817115283551042
2023-11-29,-0.003333,0.28077258383109666
2023-11-30,0.000579,0.2809351511571349
2023-12-01,0.012475,0.2844398171678202
2023-12-04,0.002139,0.2850482339367421
2023-12-05,0.001994,0.285616620115212
2023-12-06,0.000336,0.28571258729957066
2023-12-07,0.000418,0.2858320151610619
2023-12-08,0.007156,0.28787742906155445
2023-12-11,-0.003052,0.2869988271480586
2023-12-12,0.011813,0.2903891442931586
2023-12-13,-0.008012,0.2880625464690818
2023-12-14,0.010158,0.29098868581611476
2023-12-15,0.004763,0.2923746649266569
2023-12-18,-0.020112,0.286494425665652
2023-12-19,0.005515,0.288074442423198
2023-12-20,0.014602,0.29228090543146157
2023-12-21,0.014995,0.29666365760840635
2023-12-22,0.009776,0.2995638415251861
2023-12-25,0.013423,0.30358488696997865
2023-12-26,0.016883,0.3087103106166928
2023-12-27,0.014548,0.3132014282155444
2023-12-28,0.000915,0.31348800752236167
2023-12-29,0.010857,0.3168915468200319
2024-01-01,0.001861,0.31748128198866393
2024-01-02,0.002304,0.31821275886236583
2024-01-03,-0.014561,0.3135792628805709
2024-01-04,-0.006809,0.3114441016796171
2024-01-05,-0.010075,0.30830630235519496
2024-01-08,0.018745,0.3140855039928431
2024-01-09,0.035557,0.3252534422583166
2024-01-10,0.006122,0.327244643831822
2024-01-11,-0.006746,0.32503705146453254
2024-01-12,0.00805,0.327653599728822
2024-01-15,0.009388,0.3307296117230762
2024-01-16,-0.014603,0.3258999672030841
2024-01-17,-0.001843,0.3252993335635288
2024-01-18,-0.014277,0.3206550349782423
2024-01-19,-0.008922,0.31779415075616646
2024-01-22,-0.00382,0.3165801771002779
2024-01-23,0.019657,0.3228031936415381
2024-01-24,-0.014127,0.3182429529249641
2024-01-25,-0.00305,0.31727231191854294
2024-01-26,0.007725,0.3197232405281137
2024-01-29,-0.010403,0.3163971596568997
2024-01-30,-0.011718,0.3126896177400401
2024-01-31,0.002511,0.3134747813701853
2024-02-01,-0.004321,0.31212025683988476
2024-02-02,0.008575,0.3147966880422868
2024-02-05,-0.007423,0.3124599522269489
2024-02-06,-0.006028,0.3105764436349248
2024-02-07,0.007482,0.31290017658620134
2024-02-08,0.004914,0.31443776805394597
2024-02-09,-0.00589,0.3125857296001082
2024-02-12,-0.001057,0.3122553264839209
2024-02-13,0.014075,0.3166503202041821
2024-02-14,-0.007179,0.31437708755543625
2024-02-15,0.019349,0.32045996982254643
2024-02-16,-0.006789,0.31828436708742114
2024-02-19,0.003578,0.31942318855285995
2024-02-20,-0.0077,0.3169636300010029
2024-02-21,-0.003866,0.315738248607419
2024-02-22,-0.000211,0.31567162783696284
2024-02-23,0.006673,0.3177781046095189
2024-02-26,0.005863,0.3196412376368445
2024-02-27,-0.021937,0.31262926780680506
2024-02-28,-0.003504,0.31153381485241005
2024-02-29,0.011524,0.3151239305347692
2024-03-01,0.009694,0.31817874191737333
2024-03-04,-0.012827,0.3140974631947992
2024-03-05,-0.020194,0.30775457902304343
2024-03-06,0.005251,0.3093705983174934
2024-03-07,0.008613,0.312035207280802
2024-03-08,-0.011866,0.30833259751120795
2024-03-11,-0.003112,0.3073730664677531
2024-03-12,-0.011328,0.3038911443708064
2024-03-13,0.002555,0.3046675862446738
2024-03-14,0.006359,0.3066049674256037
2024-03-15,0.000371,0.3067187178685186
2024-03-18,0.010494,0.30993742409383085
2024-03-19,-0.010328,0.30673639037778977
2024-03-20,0.002946,0.3076400357838427
2024-03-21,0.01158,0.3112025073982196
2024-03-22,0.008544,0.31386142162143
2024-03-25,0.006994,0.3160565684042503
2024-03-26,-0.009256,0.3131311488071005
2024-03-27,0.012621,0.31708317703619493
2024-03-28,0.006531,0.31915404726541835
2024-03-29,0.002014,0.3197968235166109
2024-04-01,-0.007174,0.3175026011047027
2024-04-02,-0.015425,0.3126051234826626
2024-04-03,-0.005357,0.310930497836166
2024-04-04,0.019359,0.3169498013437763
2024-04-05,0.002044,0.31759764673772295
2024-04-08,0.005303,0.31928186705837314
2024-04-09,0.00875,0.3220755833951339
2024-04-10,-0.002897,0.3211425304300382
2024-04-11,0.004382,0.32254977699838266
2024-04-12,1e-06,0.32255009954815966
2024-04-15,0.026265,0.3310218779127921
2024-04-16,0.000906,0.3313217837341811
2024-04-17,0.008891,0.3342675657133617
2024-04-18,-0.000926,0.3339580339475111
2024-04-19,-0.016933,0.32830312255867794
2024-04-22,0.01673,0.3337956337990846
2024-04-23,0.008503,0.3366338980732782
2024-04-24,-0.025482,0.32805579308257493
2024-04-25,0.054737,0.3460125830285358
2024-04-26,-0.013971,0.3411784412310442
2024-04-29,0.026899,0.350355800121718
2024-04-30,-0.001444,0.34984988634634223
2024-05-01,0.02635,0.35906843085156837
2024-05-02,-0.001883,0.3583923049962749
2024-05-03,-0.002208,0.3576009747868431
2024-05-06,0.008351,0.36058730052728805
2024-05-07,0.002869,0.3616218254925008
2024-05-08,-0.017822,0.3551770013185735
2024-05-09,0.008158,0.35807453529533045
2024-05-10,0.001168,0.35849276635255545
2024-05-13,-0.007886,0.3556656923970992
2024-05-14,0.001228,0.35610244986736284
2024-05-15,0.009349,0.3594316516711728
2024-05-16,0.008512,0.3624911338901978
2024-05-17,0.014996,0.36792705093401523
2024-05-20,-0.007552,0.36514846584536154
2024-05-21,0.009454,0.3686005794414636
2024-05-22,0.002545,0.36953866791614215
2024-05-23,0.010657,0.37347684150012445
2024-05-24,-0.012044,0.368978686421097
2024-05-27,-0.013919,0.36384287208480176
2024-05-28,0.004969,0.36565080731619115
2024-05-29,0.006753,0.3681200472179974
2024-05-30,0.000683,0.36837147321024727
2024-05-31,-0.004199,0.36682468139423746
2024-06-03,0.001794,0.36748276487265874
2024-06-04,-0.005644,0.3654086921477175
2024-06-05,-0.014367,0.3601588654676312
2024-06-06,-0.000139,0.3601088033853312
2024-06-07,0.008597,0.36320465876803487
2024-06-10,0.019243,0.37019380601670815
2024-06-11,-0.01229,0.3656441241407628
2024-06-12,-0.013209,0.36081433090498743
2024-06-13,0.004212,0.3623340808667593
2024-06-14,0.027628,0.3723446468529461
2024-06-17,0.011422,0.37659756740930045
2024-06-18,0.001889,0.3773089602141366
2024-06-19,-0.009336,0.37378640376157746
2024-06-20,-0.001509,0.37322236007830123
2024-06-21,0.015851,0.3791383077079024
2024-06-24,-0.021532,0.37097470166633584
2024-06-25,0.004745,0.3727349766257426
2024-06-26,-0.010761,0.368723975542273
2024-06-27,-3.2e-05,0.3687121763750556
2024-06-28,0.001679,0.36933124411918933
2024-07-01,-0.011051,0.3652497645404282
2024-07-02,-0.008329,0.3622075992515709
2024-07-03,-0.007602,0.3594540970820605
2024-07-04,0.002318,0.3602873116790967
2024-07-05,0.000209,0.3603626117272376
2024-07-08,-0.005765,0.35828512127063006
2024-07-09,-0.001333,0.3578075272039763
2024-07-10,-0.00314,0.3566840115685558
2024-07-11,0.029275,0.3671259360072252
2024-07-12,0.015136,0.3726827541746306
2024-07-15,0.00146,0.37322687099572555
2024-07-16,0.006986,0.37583423391650167
2024-07-17,0.008713,0.37910887759661616
2024-07-18,-0.003656,0.3777228555401229
2024-07-19,0.001264,0.3782002972295256
2024-07-22,-0.006971,0.3755638629575386
2024-07-23,0.024638,0.3848170054130864
2024-07-24,-0.014595,0.3792006012190824
2024-07-25,-0.00474,0.377403190369304
2024-07-26,-0.006023,0.37513009095370964
2024-07-29,-0.011211,0.3709245075040276
2024-07-30,-0.005807,0.3687705488889517
2024-07-31,-0.004769,0.3670118821413003
2024-08-01,-0.012276,0.3625064442761337
2024-08-02,-0.011762,0.35824264347855783
2024-08-05,-0.00304,0.357153585842383
2024-08-06,-0.001821,0.356503209162564
2024-08-07,-0.016562,0.35059880301241364
2024-08-08,-0.020806,0.34330424431693735
2024-08-09,0.004865,0.3449744194655392
2024-08-12,0.014473,0.34996723423846393
2024-08-13,-0.002642,0.3490426208056059
2024-08-14,0.01458,0.35413166221695164
2024-08-15,1e-06,0.3541320163486138
2024-08-16,-0.005365,0.3522320980809035
2024-08-19,0.014595,0.35737292555239425
2024-08-20,0.012121,0.36170464278301484
2024-08-21,-0.00507,0.35987080024410495
2024-08-22,-0.007014,0.3573466664511928
2024-08-23,-0.022157,0.3494289363626337
2024-08-26,-0.020718,0.34218946765907265
2024-08-27,-0.015888,0.3367527613969053
2024-08-28,-0.020902,0.3297139551781872
2024-08-29,-0.009098,0.326714217613976
2024-08-30,-0.010636,0.32323928519543377
2024-09-02,-0.05807,0.30446877990413496
2024-09-03,-0.026353,0.2964451141473213
2024-09-04,-0.029194,0.2877906954849044
2024-09-05,-0.006217,0.2860015007310747
2024-09-06,0.001387,0.2863981848125887
2024-09-09,-0.002339,0.2857282994583121
2024-09-10,-0.033361,0.27619611766008334
2024-09-11,-0.00623,0.27447541584706103
2024-09-12,0.001766,0.2749601394314469
2024-09-13,-0.005831,0.27335684685842215
2024-09-16,-0.008115,0.27113855604616605
2024-09-17,0.006312,0.2728499826119295
2024-09-18,0.005545,0.2743629357655126
2024-09-19,-0.009618,0.2717241130493199
2024-09-20,0.034232,0.28102577288722425
2024-09-23,0.000749,0.28123626119111683
2024-09-24,-0.003687,0.28019934309610517
2024-09-25,-0.001712,0.2797196418207246
2024-09-26,0.00802,0.2819629933481268
2024-09-27,0.00161,0.28241695376741727
2024-09-30,-0.003934,0.28130592547129624
2024-10-01,0.002071,0.2818885100429473
2024-10-02,0.000175,0.28193784053220483
2024-10-03,-0.0177,0.2769475407547848
2024-10-04,0.001067,0.27724304378077014
2024-10-07,0.004397,0.2784620814442742
2024-10-08,0.00724,0.28047814691393075
2024-10-09,0.015581,0.28484827692099673
2024-10-10,-0.012869,0.28118256444530043
2024-10-11,0.007431,0.28327203208169344
2024-10-14,0.01069,0.2863002101046468
2024-10-15,0.005823,0.2879673362280861
2024-10-16,-0.005608,0.286352415406519
2024-10-17,0.003943,0.28748150298046693
2024-10-18,-0.010261,0.28453165527838437
2024-10-21,0.002404,0.2852156693776736
2024-10-22,0.005339,0.286738435836481
2024-10-23,-0.021968,0.2804393658780252
2024-10-24,0.00699,0.28239963704551263
2024-10-25,-0.000601,0.2822299148636483
2024-10-28,0.006639,0.2841036392684281
2024-10-29,0.001734,0.2845962749789195
2024-10-30,0.001903,0.2851378616902044
2024-10-31,0.011799,0.2885022033202871
2024-11-01,0.004066,0.28967525327898735
2024-11-04,-0.009351,0.28696649998557555
2024-11-05,-0.016779,0.2821514890823176
2024-11-06,0.004281,0.28335937960707896
2024-11-07,-0.005531,0.2817921188784722
2024-11-08,0.010434,0.2847323378468502
2024-11-11,-0.013656,0.28084403304121364
2024-11-12,-0.009629,0.2781397858470598
2024-11-13,-0.023993,0.27146637796523126
2024-11-14,0.007374,0.27346817103634685
2024-11-15,-0.001465,0.2730675401657786
2024-11-18,0.00843,0.2753694995293761
2024-11-19,-0.003927,0.27428812350472426
2024-11-20,-0.004387,0.27308482150690905
2024-11-21,0.010155,0.2758579978693117
2024-11-22,0.003929,0.27694184394294025
2024-11-25,-0.007738,0.27479886795450975
2024-11-26,0.000817,0.2750233786296286
2024-11-27,-0.012154,0.2716807444857641
2024-11-28,-0.009565,0.2690821181647578
2024-11-29,0.00984,0.27172988620749905
2024-12-02,-0.009822,0.269060955265169
2024-12-03,-0.000451,0.2689396087743444
2024-12-04,-0.024576,0.2623301489491061
2024-12-05,0.018218,0.26710927960266095
2024-12-06,7.4e-05,0.26712904568935153
2024-12-09,0.02004,0.2724823117649661
2024-12-10,-0.016597,0.26795992283660297
2024-12-11,0.015899,0.27222021764978216
2024-12-12,-0.005347,0.27076465614600875
2024-12-13,-0.019314,0.2655351075772047
2024-12-16,0.01869,0.27049795873782273
2024-12-17,0.055858,0.28560743371700004
2024-12-18,-0.002811,0.2848045912208215
2024-12-19,0.008716,0.28728694803790217
2024-12-20,0.005448,0.28885208733081263
2024-12-23,0.015957,0.2934613000883504
2024-12-24,0.011363,0.29679590084125435
2024-12-25,-0.00684,0.29476581687950015
2024-12-26,-0.008084,0.29238293001584625
2024-12-27,-0.005573,0.29075347994686795
2024-12-30,-0.006184,0.28895546042687653
2024-12-31,-0.005217,0.2874479797898295
